¿Con qué país delimita Turkmenistan?,Geografía,Kirguinistan,Uzbequistan,Mongolia,Síria,
¿De dónde son famosos los cogollos?,Geografía,Tulebras ,Valdespartera,Villaconejos,Tudela
¿Cuántas comunidades autónomas hay en España?,Geografía,16,17,14,13
¿Cuál es la capital de Guyana?,Geografía,Georgetown,Washington,Tegucigalpa,Cayena
¿En qué isla del archipiélago canario se encuentra el volcán más alto de España?,Geografía,Mallorca ,Sicilia,El Hierro,Tenerife
¿En el territorio de qué país viven en la actualidad los dragones de Komodo?,Geografía,Malasia,Nueva Zelanda,China,Indonesia
¿Qué son Sol, Xi'An y Popayan?,Geografía,Estrellas,Pirámides,Civilizaciones extintas,Desiertos
¿Cuál es la isla más grande del archipiélago malayo?,Geografía,Nueva Guinea,Borneo,Sumatra,Célebes
¿Cuál es el río más caudaloso del mundo?,Geografía,El Orinoco,El Nilo,El Amazonas,El Congo
¿En qué provincia española se encuentran las ruinas romanas de Baelo Claudia?,Geografía,Sevilla,Cádiz,Tarragona,Cartagena
¿Cuál es la patrona de la ciudad de Zaragoza?,Geografía,Virgen de los Remedios,Virgen del Pilar,Virgen de los Desamparados,Virgen de Lourdes
¿En qué se dividen los pesos argentinos?,Geografía,En céntimos,En centavos,En peniques,Ninguna es correcta
¿Cuál es la capital de Azerbaijan?,Geografía,Bakú,Ereván,Skopje,Tumbktú
¿Cuál es la capital de Hungría?,Geografía,Kiev,Bucarest,Sofía,Budapest
¿Dónde desemboca el Río Magdalena?,Geografía,En el océano Pacífico,En el océano Atlántico,En el golfo de México,En el mar Caribe
¿Cuál es el nombre actual del antiguo Imperio Otomano?,Geografía,Turquia,Armenia,Pakistán,Rusia
¿Cuál es el océano más grande del mundo?,Geografía,Océano Índico,Océano Antártico,Océano Pacífico,Océano Atlántico
¿Cuál es la capital de Corea del Sur?,Geografía,Seul,Pyongyang,Phnom Phen,Riad
¿Qué localidad andaluza es famosa por sus 'molletes'?,Geografía,San Fernando,Utrera,Lucena,Antequera
¿Dónde está el palacio de Versalles?,Geografía,Madrid,París,Florencia,Viena
¿Cuál es la serpiente más venenosa que se conoce?,Geografía,Serpiente pitón,Serpiente de cascabel,La Mamba Negra,Cobra
¿Cuál es la capital del estado de Illinois?,Geografía,Chicago,Springfield,Aurora,Ninguna es correcta
¿En qué provincia española está Barbate?,Geografía,Jaén,Cádiz,Barcelona,Málaga
¿Qué provincias andaluzas limitan con Portugal?,Geografía,Cádiz y Huelva,Córdoba y Huelva,Solo Córdoba,Solo Huelva
¿A qué municipio pertenece el cabo de Gata?,Geografía,Nebrija,Nijar,Cádiz,Málaga
¿Qué país NO formó parte de la extinta Yugoslavia?,Geografía,Polonia,Serbia,Montenegro,Croacia
¿Dónde se encuentran Los Montes de Toledo?,Geografía,Francia,España,Italia,Madagascar
¿Dónde situarías el municipio de Orihuela?,Geografía,Murcia,Alicante,Castellón,Ninguna es correcta
¿Cuántos meridianos y paralelos hay en total?,Geografía,Infinitos,100,1000,Ninguno
¿En qué país latinoamericano está el famoso salar de Uyuni?,Geografía,Perú,Bolivia,Ecuador,Paraguay
¿Cómo es la bandera de Suiza?,Geografía,Fondo blanco y cruz roja,Fondo rojo y cruz blanca,Franjas rojas y blancas,Fondo blanco y círculo rojo
¿Dónde está la Tierra del Fuego?,Geografía,Argentina,Rusia,Mongolia,Congo
¿Cuál es la religión mayoritaria en Grecia?,Geografía,Catolicismo,Protestantismo,Cristianismo Ortodoxo,Islam
¿En qué continente se encuentra España?,Geografía,En África,En Asia,En Europa,En Oceanía
¿Cuál de estos es el plato típico de la Comunidad Valenciana?,Geografía,Gachamiga,Paella,Melón con jamón,Gazpacho
¿Qué vía artificial de navegación une al Mar Rojo y el Mar Mediterráneo?,Geografía,El canal de Suez,El canal de la mancha,El canal de Kiel,Ninguna es correcta
¿Dónde se encuentra Meirena de Aljarafe?,Geografía,Oviedo,Valencia,Madrid,Sevilla
¿Cuál es la mayor atracción turística de Córdoba, España?,Geografía,La catedral,La Torre del Oro,La Giralda,La Mezquita
¿Cuál es uno de los tragos típicos de Colombia?,Geografía,Tequila,Aguardiente,Chiape,Pisco
¿Cuál es la capital de Gran Canaria?,Geografía,Mas palomas,Vecindario,La Palma,Las Palmas
¿En qué país se encuentra la mayor cantidad del mundo de oro y diamantes?,Geografía,Sudáfrica,Brasil,Rusia,China
¿De dónde son típicos los 'Castellers'?,Geografía,Andorra,Catalunya,Valencia,Canarias
¿Cuándo es invierno en el hemisferio sur?,Geografía,De Diciembre a Marzo,De Marzo a Junio,De Junio a Septiembre,De Septiembre a Diciembre
¿De dónde son típicos los espetos?,Geografía,De Málaga,De Granada,De Barcelona,De Alicante
¿De qué país es danza nacional la cueca?,Geografía,Perú,Chile,España,Argentina
¿Cuál es la capital de Finlandia?,Geografía,Madrid,Helsinki,Estocolmo,Roma
¿Cuál es la capital del Sáhara Occidental?,Geografía,Jartum,Sáhara,El Aaiún,Ninguna es correcta
¿Cuál es la ciudad más poblada de Oceanía?,Geografía,Sidney,Melbourne,Auckland,Adelaida
¿Cuál es el país de orgien de la galletita pretzel?,Geografía,Austria,Alemania,Dinamarca,Rusia
¿En qué provincia se encuentra Elche?,Geografía,Valencia,Albacete,Alicante,Murcia
¿Dónde queda Panamá?,Geografía,América Central,América del Sur,América del Norte,Europa
¿Qué cataratas separan Brasil y Argentina?,Geografía,Cataratas del Niágara,Cataratas del Iguazú,Cataratas del Paraiso,Catararas del Krka
¿A qué país pertenece Gibraltar?,Geografía,España,Reino Unido,Portugal,Francia
¿Cuál es el país de Europa con mayor altitud media?,Geografía,Suíza,España,Italia,Noruega
¿Cuál es la moneda oficial de Costa Rica?,Geografía,Colón costarricense,Dólar costarricense,Lempira,Quetzal
¿Cuál es la región de origen de la mortadela?,Geografía,España,Austria,Francia,Italia
¿De qué país el panda es el animal nacional?,Geografía,Canadá,Tanzania,China,Australia
¿Cuál es el pico mas alto de España?,Geografía,Los Alpes,Los Pirineos,El Teide,Ninguna es correcta
¿Dónde se encuentra el Tribunal de Cuentas de la Unión Europea?,Geografía,Bruselas,Luxemburgo,Frankfurt,Estrasburgo
¿Cuál de estas ciudades no es de Argentina?,Geografía,Cali,Córdoba,Rosario,Mendoza
¿Cuál de los siguientes colores es el menos frecuente en las banderas d elos países árabes?,Geografía,Verde,Rojo,Blanco,Amarillo
¿Desde qué ciudad de España puedes ver el monte llamado Mujer Muerta "Jbell Musa"?,Geografía,Melilla,Ceuta,Tarifa,Badajoz
¿Cuál de los siguientes países no es una isla?,Geografía,Sri Lanka,Taiwan,Madagascar,Todos son islas
¿En qué continente se encuentra Yibuti?,Geografía,Ásia,África,Europa,América
¿Dónde está la torre Eiffel?,Geografía,En París,En Roma,En Budapest,En Turín
¿Cómo se llamaba la gran masa de tierra que formaba un solo gran continente?,Geografía,Tierra gigante,Atlas,Pangea,Continental
¿En qué país se construyó por primera vez una red de subterráneos en el mundo?,Geografía,Inglaterra,España,Italia,Alemania
¿Cuántas islas denominadas 'Conejera' hay en España?,Geografía,Una,Dos,Tres,Cuatro
¿En qué se divide colombia territorialmente, además de su Distrito Capital?,Geografía,Regiones,Entidades federeales,Estados,Departamentos
¿Cuál de las siguientes es una isla del archipiélago de Cabrera?,Geografía,Caracola,Llana,Conejera,De las cabras
¿De las siguientes ciudades, en cuál está la Estatua de la Libertad?,Geografía,Nueva York,Philadelphia,Los Ángeles,Chicago
¿Dónde está el barrio de Charlottenburg?,Geografía,Berlín,Viena,Londres,Ninguna es correcta
¿Dónde desemboca el río Ebro?,Geografía,Océano Atlántico,Estrecho de Gibraltar,Mar Mediterraneo,Golfo de Vizcaya
¿Con qué objeto se asocia a Italia visualmente?,Geografía,Una jarra de vino,Una bota,Una barra de pan,Un gorro
¿Qué océano baña el Cuerno de África?,Geografía,El Índico,El Atlántico,Ambos,Ninguno
¿En qué se dividen los pesos argentinos?,Geografía,En céntimos,En centavos,En peniques,Ninguna es correcta
¿Cuál es la capital de Georgia?,Geografía,Tiflis,Jesuralén,Zagreb,Riad
¿Cuál de estas provincias NO tiene costa?,Geografía,Toledo,Lugo,Girona,Huelva
¿Dónde se encuentra la isla de Koh Samui?,Geografía,Tailandia,India,Camboya,Vietnam
¿Cuál es la capital de Noruega?,Geografía,Bergen,Oslo,Estocolmo,Helsinki
¿De dónde es típica la fabada?,Geografía,Galicia,Cataluña,Andalucía,Asturias
¿En qué continente se encuentra el país de Irak?,Geografía,Oceanía,América,Europa,Asia
¿Que país no forma parte de la U.E.?,Geografía,Suecia,Suiza,Croacia,Portugal
¿En qué país se ubica el desierto de Atacama?,Geografía,Colombia,Perú,Bolivia,Chile
¿Dónde está el Parque "Los picos de Europa"?,Geografía,En los Montes de León,En la Cordillera Cantábrica,En los Pirineos,En el Macizo Galaico
¿A qué país pertenecen las Islas Feroe?,Geografía,Dinamarca,Noruega,Finlandia,Islandia
¿En qué país está la Costa Azul?,Geografía,Francia,Italia,España,Todas son correctas
¿Qué volcán destruyó la ciudad italiana de Pompeya?,Geografía,Stromboli,Etna,Vesubio,Ninguno
¿En qué provincia de Argentina se encuentra el obelisco?,Geografía,Córdoba,San Luís,Buenos Aires,Salta
¿Cuál fue la primer capital de Costa Rica?,Geografía,Alajuela,San José,Cartago,Heredia
¿Cuál es la capital de Uruguay?,Geografía,Montevideo,Punta del Este,Asunción,Ciudad de Uruguay
¿En qué provincia española está situado el desierto de Tabernas?,Geografía,Alicante,Murcia,Albacete,Almeria
¿Dónde se encuentra el enclave arqueológico de Petra, una ciudad excavada y esculpida en la piedra?,Geografía,En Egipto,En Irán,En Jordania,Ninguna es correcta
¿Cuál es el área urbana más poblada de la India?,Geografía,Bombay,Calcuta,Nueva Delhi,Ninguna es correcta
¿En qué ciudad se encuentra el distrito de Chamberi?,Geografía,Barcelona,Paris,Madrid,Vigo
¿En qué ciudad de Chile se realiza el festival de la Canción más importante de Latinoamérica?,Geografía,Santiago,Viña del Mar,Concepción,Los Ángeles
¿Con cuál de los siguientes países NO limita Colombia?,Geografía,Venezuela,Brasil,Guyana,Ecuador
¿Dónde se encuentra el río Nilo?,Geografía,En Europa,En América,En África,En Asia
¿Cuál es la capital de Nueva Zelanda?,Geografía,Camberra,Wellington,Sidney,Antananaribe
¿Cuál es la capital de la comunidad de Castilla-La Mancha?,Geografía,Ciudad Real,Toledo,Guadalajara,Albacete
¿Qué colores tiene la bandera de Bosnia y Herzegovina?,Geografía,Azul, amarillo y blanco,Azul, rojo y blanco,Azul, negro y blanco,Azul, verde y blanco
¿Cómo se llama el mar donde se ubica Puerto Rico y Rep. Dominicana?,Geografía,Mar Caribe,Mar Índico,Mar de Bering,Mar Caspio
¿Con qué países tiene frontera el Líbano?,Geografía,Israel y Jordania,Israel, Siria y Jordania,Israel y Siria,Siria
¿Si pasas sobre el puente de Angostura, qué río estás cruzando?,Geografía,El Magdalena,El Amazonas,El Nilo,El Orinoco
¿Dónde se encuentra la Cueva del Milodón?,Geografía,Chile,Argentina,Escocia,Grecia
¿Dónde está el Cabo de Gata?,Geografía,España,Portugal,Francia,Italia
¿A qué ciudad argentina se la llama 'La Feliz'?,Geografía,Mar del Plata,Necochea,Santa Clara,Villa Gesell
¿Cuál es el código internacional para Irak?,Geografía,IK,IQ,IA,IR
¿Qué es el Tsingy de Bemaraha de Madagascar?,Geografía,Un bosque de piedras,Un desierto,Un volcán,Un acantilado
¿A qué país pertenece la Isla Margarita?,Geografía,Brasil,Venezuela,Cuba,Mexico
¿Qué país tiene el código AO?,Geografía,Andorra,Angola,Aruba,Antigua y Barbuda
¿En dónde nace el famoso río Nilo?,Geografía,Lago Victoria,Mar Mediterráneo,Lago Alberto,Lago Eduardo
¿De qué isla comparen las jurisdición Francia y España?,Geografía,La isla de Montpellier,La isla de Boira,La isla de los Faisanes,La isla de Yves
¿Qué colores tiene la bandera de Uruguay?,Geografía,Azul y blanco,Azul, blanco y oro,Azul, blanco y naranja,Azul y naranja
¿Cuáles son los colores de la bandera de Panamá?,Geografía,Rojo, azul y blanco,Blanco y rojo,Celeste y blanco,Rojo, blanco y celeste
¿Cómo se llama el presidente de la Repúclica del Ecuador?,Geografía,Rafael Correa,Evo Morales,Hugo Chávez,Fidel Castro
¿De qué continente es originario el cacao?,Geografía,América,Ocanía,África,Asia
¿Qué país tiene más territorio en la Amazonía?,Geografía,Brasil,Argentina y Venezuela,Perú,Ecuador
¿De dónde es el queso D.O. Idiazabal?,Geografía,Asturias,Burgos,Gipuzkoa,La Rioja
¿Dónde se encuentra la villa portuaria más antigua de Francia?,Geografía,Cannes,Bordeux,Marseille,Saint-Malo
¿En qué continente se encuentra situado el río Tigris?,Geografía,América del Sur,África,Asia,América del Norte
¿A qué continente pertenece Ecuador?,Geografía,Europa,América,Asia,África
¿En qué continente apareció el Ébola?,Geografía,En Europa,En Antártida,En Asia,En África
¿En qué ciudad puedes visitar los jardines y el palacio del Generalife?,Geografía,Sevilla,Toledo,Madrid,Granada
¿Por cuenta agua está cubierta la Tierra?,Geografía,99%,50%,35,8%,70,7%
¿A qué continente pertenece Mongolia?,Geografía,Oceania,Europa,África,Asia
¿En qué país se celebra la tomatina?,Geografía,Perú,Ecuador,Venezuela,España
¿Cuál es la capital de Croacia?,Geografía,Sarajevo,Dubrovnik,Split,Zagreb
¿En qué hemisferio está Groenlandia?,Geografía,Norte,Oeste,Sur,Ninguno
¿Cuál es la capital de Madagascar?,Geografía,Florida,Granada,Bangkok,Antananarivo
¿Que país es el mayor productor de leche del mundo?,Geografía,China,Brasil,India,Canadá
¿Dónde tuvo lugar la Expo 2008?,Geografía,Zaragoza,Madrid,Sevilla,Barcelona
¿A qué continente pertenece Islandia?,Geografía,Europa,América,Asia,Polo Norte
¿Cómo se les llama a los habitantes de Huelva?,Geografía,Huelvanos,Olcaños,Onubenses,Gambores
¿Dónde se encuentra Irak?,Geografía,África,Europa,Asia,América
¿Dónde se encuentra la Conchinchina?,Geografía,China,Camboya,Vietnam,No existe
¿De qué ciudad viene el equipo de fútbol Juventus?,Geografía,París,Madrid,Turin,Nápoles
¿Cuál es el gentilicio de la provincia de Huelva (España)?,Geografía,Huelvano,Onubense,Welbense,Huelvense
¿Cuál de estos ríos desemboca en el Mar Mediterráneo?,Geografía,Duero,Tajo,Ebro,Guadalquivir
¿En qué país se encuentra la ciudad de Eindhoven?,Geografía,Eindhoven,Holanda,Noruega,Dinamarca
¿Cómo se les dice a los nacidos en Cuba?,Geografía,Cubense,Cubino,Cubano,Cubista
¿En qué país asiático se encuentra el tempo de Borobudur?,Geografía,Nepal,India,Indonesia,China
¿En qué país se encuentra Oslo?,Geografía,Noruega,Portugal,Gales,Ucrania
¿Con qué provincia no limita el País Vasco?,Geografía,Burgos,Cantabria,La Rioja,Zaragoza
¿Cuál de los siguientes países no es de Europa?,Geografía,España,Italia,Francia,Nigeria
¿Qué país no tiene costas?,Geografía,Argentina,Uruguay,Bolivia,Brasil
¿En qué país europeo se encuentra la ciudad de Salisbury?,Geografía,Noruega,Irlanda,Islandia,Inglaterra
¿Cuál es el idioma predominante en América?,Geografía,Portugués,Inglés,Francés,Español
¿Dónde queda el país de Perú?,Geografía,Oceanía,África,Europa,Sudamerica
¿En qué país se encuentra 'Cochabamba'?,Geografía,Perú,En el continente asiático,Colombia,Bolivia
¿Qué país es famoso por su "October Fest"?,Geografía,Francia,Inglaterra,Estados Unidos,Alemania
¿Cuál de estos países no es un país tropical?,Geografía,Madagascar,Perú,Filipinas,Croacia
¿En qué país está Poitiers?,Geografía,Francia,Bélgica,Canadá,Mongolia
¿Qué país es considerado "el país de los mil lagos"?,Geografía,Finlandia,Suecia,Canadá,Egipto
¿Dónde se encuentra la región de Medio Oriente?,Geografía,Entre Siria y la fontera Irán-Afganistán,En Yémen,En Kuwait,En Oman
¿En qué país se encuntra la ciudad de Atenas?,Geografía,Grecia,Polinia,Italia,España
¿Cuál es el sexto país más grande el mundo?,Geografía,Australia,México,Vaticano,Chile
¿Cúal estado se rige por una teocracia?,Geografía,El Vaticano,Grecia,Arabia Saudí,Israel
¿Cuál de los siguientes países NO tiene una bandera de color azul, rojo y amarillo?,Geografía,Perú,Colombia,Ecuador,Venezuela
¿Qué ciudad se conoce como "Ciudad Condal"?,Geografía,Barcelona,Madrid,Cádiz,Sevilla
¿Cuántas estrellas tiene la bandera de China?,Geografía,5,Ninguna es correcta,6,0
¿Cuál de los siguientes países considera a la vaca como un animal sagrado?,Geografía,India,Arabia Saudí,Argentina,Oman
¿En qué país es típico el flamenco?,Geografía,España,México,Chile,Francia
¿En qué país de sur América se habla portugués?,Geografía,Brasil,Perú,Bolivia,Argentina
¿Cuál de los siguientes países tiene al subterráneo como uno de sus sistemas de transporte?,Geografía,Argelia,Bolivia,Uruguay,Nueva Zelanda
¿Dónde se encuentra Panamá?,Geografía,América Central,América Del Norte,América Del Sur,Otro continente
¿Cuál de estos países NO se encuentra ubicado en sudamerica?,Geografía,Haiti,Ecuador,Colombia,Argentina
¿A qué isla pertenece la ciudad de Honolulu?,Geografía,Hawai,Islas Filipinas,Australia,Groenlandia
¿Cómo se le conoce a los habitantes de Málaga?,Geografía,Boquerones,Jureles,Sardinas,Calamares
¿A qué provincia pertenece Arenas de San Pedro?,Geografía,Ávila,Salamanca,Segovia,Madrid
¿Cúal es el idioma tradicional en Bulgaria?,Geografía,Búlgaro,Inglés,Francés,Alemán
¿En qué ciudad se encuentra el museo San Telmo?,Geografía,Donostia,Madrid,Logroño,Salamanca
¿Cuál es la rama mayoritaria del Islam?,Historia,Chiísmo,Sunismo,Jariyismo,Sufismo
¿De qué fue ministro Manuel Fraga durante el franquismo?,Historia,De Interior,De Economía,De Información y Turismo,Del Ejército
¿En qué año tuvo lugar el ataque a Pearl Harbor?,Historia,1939,1940,1941,1942
¿Las revueltas de dónde son llamadas Intifadas?,Historia,Montenegro,Kosovo,Palestina,Chechenia
La Comuna de París fue un movimiento...,Historia,Del mayo de 68,Hippie de los años 60,Insurrecional autogestionario del XIX,De la revolución francesa
 A qué dirigente latinoamericano mandó callar Juan Carlos de Borbón?,Historia,Evo Morales,Fidel Castro,Hugo Chávez,Rafael Correa
¿Quiénes fueron los sans-culottes de la Revolución Francesa?,Historia,La burguesía durante la Revolución,La principal masa social revolucionaria,El nombre despectivo de los burgueses,Ninguna es correcta
¿Con qué hecho histórico relacionarías al "hombre del tanque" o "rebelde desconocido"?,Historia,Protestas de plaza Tian'anmen, Pekín,Protestas de plaza Tahrir, El Cairo,Protestas de plaza del Sol, Madrid,Protestas de plaza de Mayo, Buenos Aires
¿Qué otro nombre recibió el período de la Gran Hambruna China?,Historia,Tres años de desastres naturales,Tres años de dificultades económicas,Tres años amargos,Todas son correctas
¿Cuántos soldados argentinos murieron en la Guerra de las Malvinas?,Historia,649,200,987,1452
¿Cuál es la ciudad más antigua de América Latina?,Historia,Caral,Valparaíso,Arequipa,La Paz
¿A qué presidente ceso el rey Alfonso XIII tras las reacciones que sucedieron a la Semana Trágica?,Historia,Eduardo Dato,Antonio Maura,Segismundo Moret,Cánovas del Castillo
¿Quién pronunció la frase: "Bebamos de la copa de la destrucción"?,Historia,Margaret Tatcher,Mussolini,Gengis Kan,Berlusconi
¿Con qué emperador estuvo casada Cleopatra?,Historia,Ptolomeo XIV,Julio César,Marco Antonio,Todas son correctas
¿En qué partido se organizan hoy los carlistas?,Historia,Comunión Tradicionalista Carlista,Partido Carlista,Ambas son correctas,Ninguna es correcta
El Renacimiento marcó el inicio de la Edad...,Historia,Moderna,Antigüedad clásica,Contemporánea,Media
¿Qué país fue dirigido por Stalin?,Historia,Unión Soviética,Cuba,Alemania,Polonia
¿Qué se celebra el 8 de Marzo?,Historia,El día del trabajo,El día del medio ambiente,El día de la mujer,El día del niño
¿Cuál de los siguientes políticos no ha estado implicado en la trama Gürtel?,Historia,Francisco Camps,Esteban González Pons,Mariano Rajoy,Luis Bárcenas
¿Cuántos siglos duró el Siglo de Oro?,Historia,Dos,Uno,Tres,Medio
¿Qué fue Dracón?,Historia,Legislador,Comerciante,Médico,Guerrero
¿Cómo murió Jacques de Molay, último gran maestre templario?,Historia,En la hoguera,Envenenado,De risa,Enfermedad
¿Quién es el actual presidente de México (2014)?,Historia,Enrique Peña Nieto,Felipe Calderón Hinojosa,Hugo Chávez,Vicente Fox
¿Quién liberó a Argentina, Chile y Perú?,Historia,Ernesto 'Che' Guevara,Manual Belgrano,José de San Martín,Simón Bolívar
¿Dónde surgió la filosofía?,Historia,Grecia,España,Egipto,Japón
¿Para qué fue creado el plan Marshall en 1947?,Historia,Regalo,Conquista,Reconstrucción,Comercio
¿Quién fue galardonado con el premio Nobel de la Paz en 2007?,Historia,Albert Einstein,Albert Gore,Albert Schweitzer,Albert Van Bommel
¿Cómo llamaban a Dios los testigos de Jehová?,Historia,Mutante,Buda,Jehová,Jesús
¿Cómo se llama la sustancia que se utiliza en la Iglesia para hacer mucho humo?,Historia,Vino,Carbón,Aceite,Incienso
¿Qué modelo de Estado se propugna en la Constitución española?,Historia,Estado federal,Estado social y democrático de Derecho,Estado de Derecho,Estado liberal
¿Cómo se llama la capital del antiguo imperio azteca?,Historia,Quetzalcoatl,Tenochtitlan,Culhuacan,Texcoco
Los cuatro evangelistas de la Biblia son Mateo, Marcos, Lucas y...,Historia,Antonio,Jésus,José,Juan
¿Quién gobernó Francia desde 1799 a 1815?,Historia,Adam Smith,François Quesnay,Napoleón Bonaparte,Louis Bonaldgug
¿Qué modelo de Seat significó la motorización de los españoles?,Historia,500,Ibiza,600,León
¿Quién presidia España durante el fallido golpe de estado del 23 de Febrero de 1981?,Historia,Adolfo Suárez,Leopoldo Calvo Sotelo,Felipe Gonzalez,Manual Fraga Iribarne
¿Cuál es la capital del noroeste de España, la capital del reino homónimo medieval?,Historia,León,Salamanca,Valladolid,Zamora
¿De que estaba fabricado originalmente el maquillaje blanco de las Geishas?,Historia,Harina,Arroz molido,Plomo,Flores de loto
¿Cuál de estos nombres en clave no se corresponde con el de una playa del desembarco de Normandía?,Historia,Utah,Todos son correctos,Juno,Sword
¿Qué motivó la rebelión que dio lugar a la Guerra de la Independencia de EEUU?,Historia,Esclavitud,Impuesto,Corrupción,Represión
¿En qué año se dictó la primera Constitución española?,Historia,1810,1714,1812,1896
¿En qué país nació el protestantismo?,Historia,Alemania,Italia,Francia,Polonia
¿Qué imperio llegó a conquistar casí toda Europa?,Historia,Cartago,Romano,Espartano,Vikingo
¿Quiénes fueron los Reyes Católicos?,Historia,Juana I y Felipe I,Isabel I y Fernando II,Isabel II y Francisco de Asís,Isabel I y Fernando VII
¿De qué color es el humo que informa a los creyentes de que se ha elegido un Papa nuevo?,Historia,Negro,Rojo,Amarillo,Blanco
¿Cuántos colores tiene la bandera española?,Historia,Tres,Cuatro,Dos,Uno
¿En qué año se instauró el sufragio femenino en España?,Historia,1921,1931,1951,1971
¿Qué sobrenombre tenía Guillermo I de Inglaterra?,Historia,El Valiente,El Loco,El Conquistador,El Tirano
¿Maria Antonieta fue reina de qué país?,Historia,Francia,Nunca fue reina,Países Bajos,Reino Unido
¿Quién consquistó Valencia de los musulmanes?,Historia,El Cid Campeador,Fernando III,Jaume I,Pere el maestro
¿En qué provincia nació el Cid Campeador?,Historia,Salamanca,Cantabria,Burgos,León
¿Dónde vivía Ana Frank?,Historia,Viena,Berlín,Ámsterdam,Brujas
¿Qué ciudad española era conocida como 'Lucentum' por los romanos?,Historia,Lugo,Alicante,Murcia,Barcelona
¿En qué viaje Colón encontró a los Mayas?,Historia,Cuarto,Tercero,Segundo,Primero
¿Cómo se llamaba el prisionero que fue liberado por Pilato en lugar de Jesús?,Historia,Barrabás,Judas,José de Arimatea,Jordi Hurtado
¿En qué año viajó el primer hombre a la luna?,Historia,1969,1968,1979,1957
¿Qué país fue el aliado de la marina española en la batalla de trafalgar?,Historia,Inglaterra,Portugal,Francia,Rusia
¿Cuántos mandamientos hay en el cristianismo?,Historia,9,10,11,12
¿Cuántas huelgas generales se hicieron en España en 2012?,Historia,Tres,Ninguna,Una,Dos
¿Quién ganó las elecciones presidenciales de la república de México en 2012?,Historia,Enrique Peña Nieto,Andres Manuel,Josefina Vazquez,Gabriel Quadri
¿De dónde es originario el pan con aceite y azúcar?,Historia,Castilla la Mancha,Valencia,Andalucía ,Cataluña
¿En qué año se proclamó la II República Española?,Historia,1925,1931,1933,1936
¿Quién es conocido como " El Victorioso de Alá"?,Historia,Abderram I,Abderramam III,Hisam II,Almanzor
¿Para qué vehículo se necesitó un carné de conducir por primera vez en España?,Historia,Coche de caballos ,Automóvil,Todos ,Bicicleta
¿De qué árbol eran las hojas que llevaban en la cabeza los antiguos romanos para simbolizar la victoria?,Historia,Olivo ,Naranjo ,Pino ,Laurel 
¿Cómo era la relación de Juana I La Loca con su marido, Felipe I?,Historia,Juana detestaba a su marido,Juana sentía unos celos patológicos ,Estuvieron siempre enamorados,Ninguna es correcta
¿A qué reino ha pertenecido históricamente Cataluña?,Historia,Francia,Navarra,Castilla,Aragón
¿En qué país nació el rey Juan Carlos I ?,Historia,España,Austria,Francia,Italia
¿Cómo se llamaba el hermano de Napoleón Bonaparte ?,Historia,Jose Bonaparte ,Pierre Bonaparte ,Pita Bonaparte ,Ernesto Bonaparte
¿Cuál era el nombre de pila de Lenin?,Historia,Vladímir,Aléksey,Iósif,Aleksandr
¿Libertad,Igualdad...¿Cuál es el tercer término del lema de la Revolución Francesa?,Historia,Apacibilidad,Austeridad,Fraternidad ,Probabilidad
¿Qué ciudad fue llamada por los árabes Al-Basit?,Historia,Alicante ,Albarracín,Almería ,Albacete
¿Cuál es la fruta de Canarias?,Historia,Plátano,Manzana,Pera,Naranja
¿Cuál es el nombre fenicio de la ciudad de Málaga?,Historia,Cártago ,Malake,Gades,Malaka
¿Qué Imperio se disolvió,después de 846 años, el 6 de agosto de 1806?,Historia,El Imperio bizantino ,El Imperio de los Samurais,El Imperio dorado de Los Incas ,El Sacro Imperio Romano Germánico
¿De qué manera consiguió EEUU el estado de Alaska de manos de Rusia?,Historia,Lo conquistó,Lo compró,Lo invadió,Siempre perteneció a EEUU
¿Cómo era conocido también el faraón Akenatón, por adorar a un solo Dios?,Historia,El feo ,El ateo ,El loco ,El hereje
¿Quién dijo que la diferencia entre la estupidez y la genialidad es que la genialidad tiene límites ?,Historia,Einstein,Ghandi,Nietzsche,Wilde
¿En qué viaje Colón encontró a los mayas ?,Historia,Cuarto ,Tercero ,Segundo ,Primero 
¿Dónde se encuentra actualmente la Dama de Elche ?,Historia,En Elche ,En Madrid,En Segovia,En Barcelona
¿En qué tres estamentos estaba dividida la sociedad en el Antiguo Régimen ?,Historia,Déspotas,nobleza y judíos,Déspotas,clero y corte ,Nobleza,tercer estado y judíos,Clero, nobleza y tercer estado
¿Qué otro nombre recibió la Primera Guerra Mundial hasta 1939 ?,Historia,La Guerra de los 100 años,La Gran Guerra,La Guerra entre las Guerras,Ningún otro
¿En qué año dejó de existir el estado llamado Yugoslavia?,Historia,1989,1991,1994,2003
¿Cómo se llamaba el hijo bastardo de Carlos V ?,Historia,Duque de Alba,Juan de Austria,Juan de Tordesillas,Marqués de Villena
¿En qué año viajó el primer hombre a la luna?,Historia,1969,1968,1979,1957
¿Qué título recibían los soberanos musulmanes en España ?,Historia,Rey ,Jeque ,Khaleesi ,Califa 
¿Qué comunidad autónoma tiene más kilómetros de costa?,Historia,Galicia ,Asturias ,Andalucía ,Islas Baleares 
¿Quién descubrió América ?,Historia,Cristobal Colón ,Fernando Alonso ,Ludwing van Beethoven ,Un hombre lobo 
¿En qué año se abrió el canal de Panamá ?,Historia,1879,1914,1810,1888
¿En qué año se perpetró la matanza de My Lai ?,Historia,1955,1968,1974,1975
¿Qué Emperador Romano estuvo más años en el poder ?,Historia
,Octavio Augusto ,Vespasiano,Claudio,Adriano 
¿Qué heroína de la Guerra de la Independencia Española murió en Ceuta?,Historia
,Agustina de Aragón ,Manuela Malasaña ,Mariana Pineda ,María Cristina 
¿En qué siglo termina la Edad Media?,Historia,XIII,XIV,XV,XVI
¿En qué año subió Bismarck al poder ? ,Historia,1921,1862,1871,1857
¿A qué criatura atribuían los pilotos ingleses las fallas de sus aviones durante la Segunda Guerra Mundial ?,Historia
,A los erdzwerge,A los gremlins,A los duendes ,A los leprechauns
¿En qué siglo Europa conquistó Australia?,Historia,XII,XIV,XVI,XVII
¿Cuáles son los principios del Derecho?,Historia,Igualdad y Seguridad,Equidad y Justicia,Seguridad y Rectitud,Legalidad y Justicia
¿Quién fue Bobby Fischer?,Historia,Un futbolista histórico,Una leyenda del ajedrez,El inventor del Fisch,Un filósofo norteamericano
¿Qué francés fue gillotinado por Robespierre durante la Revolución Francesa?,Historia,Luis XVI,Luis XIV ,Carlos X ,Ninguno 
¿Cómo se llama la casilla del centinela?,Historia,Casita,Garita,Pecera,Cabina
¿Quién es el sucesor directo de Juan Carlos I?,Historia,Leticia Ortiz,Felipe VI,Infanta Leonor,Infanta Sofía
¿Qué nombre recibían las mayores circunscripciones políticas y administrativas en la América dominada por España?,Historia,Virreinato,Sedes,Centros ,Subreinados 
El cristianismo y el islaismo son las religiones más extendidas en el mundo. ¿Cuál es la siguiente?,Historia,El budismo,El hinduísmo,Las religiones indígenas,La religión tradicional china
¿Cuántos meses duró la Batalla de Moscú, que tuvo lugar durante la Segunda Guerra Mundial?,Historia,Tres,Cuatro,Cinco ,Seis 
¿En qué idioma se escribió el antiguo testamento por primera vez?,Historia,Hebreo,Griego,Latín,Jesuíta
¿Quién recibió en 2009 el Premio Nobel de la Paz?,Historia,Barack Obama,Bill Clinton,Homer Simpson,Michelle Obama
¿Cuál de estas afirmaciones sobre Buenaventura Durruti no es cierta?,Historia,Murió al comienzo de la Guerra Civil Española,Atracó el Banco de España en 1923,Militó en la CNT,Todas son ciertas
¿Según el griego, qué significa el nombre "Mesopotamia"?,Historia,Ciudad con poderío,Arriba de los Ríos,Díos del Río,Entre Ríos
¿Cómo se llama la actual presidenta de Costa Rica?,Historia,Cristina Fernández de Kirchner,Isabel Martínez de Perón,Laura Chinchilla,Michelle Bachelet
¿Qué universidad cumplió 125 años en 2011?,Historia,Deusto,Harvard ,Oxford,UEM
¿Qué científico alemán trabajó NASA?,Historia,Wernher von Braun,Claus von Stauffenberg ,Joachim von Ribbentrop,Ninguno de ellos
¿En qué ciudad se proclamó la primera constitución liberal de España en 1812?,Historia,Madrid ,San Fernando,Cádiz ,Ninguna es correcta
¿En qué año empezó la Guerra del Golfo Pérsico?,Historia,1985,1990,1995,1999
¿Durante qué años reinó de forma impuesta en España José Bonaparte?,Historia,Desde 1798 a 1810,Desde 1808 a 1813,Desde 1801 a 1805,Desde 1801 a 1812
¿En qué guerra se hundieron los buques Sheffiel y Coventry?,Historia,Primera Guerra Mundial,Malvinas,Segunda Guerra Mundial,Guerra de Independencia de EEUU
¿Cuál fue el primer trayecto en tren en España?,Historia,Madrid - Barcelona,Madrid - Aranjuez,Barcelona - Mataró,Madrid - Alicante
¿Con qué partido gobierna el PSOE en la Junta de Andalucía?,Historia,Partido Andalucista,UPYD,Izquierda Unida,Partido Popular
¿Qué significan las siglas FARC?,Historia,Federación Artistica Realista de Cuenta,Fuerzas Armadas Revolucionarias de Colombia,Fortaleza Armada Rudimentaria Cordillera,Fiscalía Alemana Radical de Colonia
¿En qué año se fabricó el famoso Ford T?,Historia,1908,1901 ,1904,1911
¿En qué ciudad española tuvo lugar el motín de Godoy?,Historia,Teruel,Granada,Aranjuez,Madrid
¿Qué guerrero castellano ganó una batalla después de muerto?,Historia,Jaime I,El Cid,Arturo,Pelayo
¿De qué conflicto formó parte la Guerra de Invierno entre Finlandia y la URSS?,Historia,Segunda Guerra Mundial,Guerra de Crimea,Primera Guerra Mundial,Guerra Ruso-Japonesa
¿Quién fue la primera persona en asumir el título de Emperador de Rusia?,Historia,El título nunca existió,Iván el Terrible,Nicolás II,Pedro el Grande
¿En qué año sucedió el Accidente de Chernóbil?,Historia,1988,1987,1986,1985
¿De dónde era Francisco Franco?,Historia,Ferrol,Madrid,Valladolid,Vigo
¿En qué año fué el último enfrentamiento bélico por las Islas Malvinas entre Argentina e Inglaterra?,Historia,1985,1982,1990,1976
¿Cúantos libros tiene el pentateuco?,Historia,5,24,66,48
¿En qué período de tiempo se derarrolló la dictadura franquista en España?,Historia,1936-1958,1939-1962,1939-1975,1945-1975
¿Quién invitó el teléfono?,Historia,Boyle,Pascal,Bell,Newton
¿Qué fuerte tomaron las tropas mexicanas en 1836 tras trece días de asedio?,Historia,El Fortín,El Fuerte,El Álamo,El Olmedo
¿Qué evento histórico da comienzo a la Edad Contemporánea?,Historia,La Guerra de los 100 años,Guerra de Independencia,La Revolución Francesa,La caída del Imperio Romano de Occidente
La toma de Granada fue en el año...,Historia,1823,1492,1465,1922
¿Qué plaga mató a un cuarto, o incluso a un tercio, de la población Europea de 1347 a 1352?,Historia,Muerte Amarilla,Peste Negra,Muerte Dorada,Muerte Blanca
¿Cuál de estos países no ha invadido nunca el Reino Unido?,Historia,Malta,India,Bolivia,Jamaica
¿En qué año fue asesinado Robert Kennedy, hermano del presidente John F. Kennedy?,Historia,1960,1965,1968,1970
¿Quién fue el presidente del gobierno español entre 1983 y 1996?,Historia,Adolfo Suárez,José María Aznar,Leopoldo Calvo Sotelo,Felipe González
¿Cómo se llama la división política que se produce en al-Andalus en 1031?,Historia,Reinos de trafalgar,Expulsión arábica,Reinos de taifas,Separación arábica
¿Qué sitio mexicano es considerado una de las Nuevas 7 Maravillas del mundo?,Historia,Chichen Itza,La piramide del Sol,San Juan de Ulua,El Tepozteco
¿Cómo se llamó la primera oveja clonada?,Historia,Dolly,Kelly,Polly,Sally
¿En qué ciudad se encuentra el único faro romano en funcionamiento del mundo?,Historia,A Coruña,Barcelona,Cádiz,Nueva York
¿Quién fue Atila?,Historia,El Rey de los Rusos,El Rey de los Germanos,El Líder de los Hunos,El Rey de los Eslavos
¿En qué fecha tomó Fidel Castro La Habana?,Historia,1955,1959,1973,1975
¿Qué explorador, cuyos restos momificados se exihibieron en Perú, fue asesinado por sus propios hombres?,Historia,Francisco Pizarro,Vasco Núñez de Balboa,Hernán Cortés,Cristóbal Colón
¿Qué ciudad italiana se construyó sobre varias islas, de modo que sus habitantes estuvieran a salvo de Atila?,Historia,Milán,Nápoles,Venecia,Florencia
¿Quién es el dios de la guerra?,Historia,Zeus,Poseidon,Ares,Ades
14 La fiebre del oro fue un período de migraciones hacia áreas rurales para explorar oro. ¿Dónde se produjo las más famosa?,Historia,Louisiana,California,Nuevo México,Minnesota
¿La guerra de los cien años entre que países se d?,Historia,España-Italia,Alemania-Rusia,Francia-Inglaterra,Francia-Holanda
¿Cuántos días dura la festividad de Hanukkah?,Historia,3,365,5,8
¿A quién mató el anarquista Angiolillo?,Historia,Cánovas del Castillo,Práxedes Mateo Sagasta,Francisco Silvela,José Canalejas
¿Quién fue el más famoso valido rey Felipe IV en España?,Historia,Conde Godo,Juan XXIII,Duque de Alba,Conde Duque de Olivares
¿Cuál de los siguientes ex presidentes de Estados Unidos NO era republicano?,Historia,Richard Nixon,Ronald Reagan,Theodore Roosevelt,Jimmy Carter
¿Qué evento marca el fun de la prehistoria?,Historia,El trabajo con metales,El uso de herramientas,La escritura,La agricultura
¿En qué fecha se produjo la Declaración de Independencia de los Estados Unidos?,Historia,7 julio,4 junio,2 enero,4 julio
¿Qué significan las siglas RENFE?,Historia,Red eléctrica española,Red nacional electrónica,Red de carreteras españolas,Red nacional de ferrocarriles españoles
¿Cómo se lo apodaba al ex presidente argentino Nestor Carlos Kirchner?,Historia,El pez,El pájaro,El cocodrilo,El pingüino
¿De qué color eran los permisos de conducir en España en el año 2003?,Historia,Rosa,Blanco,Verde,Azul
¿Qué país cifraba sus mensajes con la máquina Enigma?,Historia,Estados Unidos,Alemania,Gran Bretaña,Rusia
¿Quién fue el primer presidente de los Estados Unidos?,Historia,George Washington,John Adams,Warren G. Harding,Abraham Lincoln
¿Quién fue el primer rey de Roma, según la tradición romana?,Historia,Rómulo,Julio César,Augusto,Remo
¿Por culpa de qué metal los romanos sufrían enfermedades muy frecuentemente?,Historia,Oro,Hierro,Cobre,Plomo
¿Durante los Juicios de Núeremberg se juzgó a los dirigentes, colaboradores y responsables de qué régimen?,Historia,Del nacionalismo alemán,Del franquismo español,Del fascismo italiano,Del stalinismo ruso
¿Qué hay en el centro de la bandera de Canadá?,Historia,Una flor,Un ciervo,No hay nada,Una hoja
¿Qué imperio conquistó Hernán Cortés?,Historia,El inca,El maya,El azteca,El tolteca
¿Qué día cayeron las torres gemelas de Estados Unidos?,Historia,Nunca cayeron,11/9/2001,20/05/2002,30/9/2001
¿Quién fue uno de los promotores de la primera línea regular de ferrocarril de la Península Ibérica?,Historia,Damià Campeny Estrany,Francisco Cambó Batlle,Eusebi Güell Bacilagupi,Miquel Biada Bunyol
¿Cuándo fue la batalla de las Navas de Tolosa?,Historia,1212,2121,2211,1122
¿Quién dijo la famosa frase "La suerte está echada"?,Historia,Octavio Augusto,Dante,Julio César,Calígula
¿Qué emperador romano pronunció la frase 'Sigo vivo' mientras estaba siendo asesinado?,Historia,Augusto,Tiberio,Calígula,Nerón
¿En qué ciudad se promulgó la constitución de 1821?,Historia,Sevilla,Madrid,Toledo,Cádiz
¿Cómo se llamaba el prisionero que fue liberado por Pilato en lugar de Jesús?,Historia,Barrabás,Judas,José de Arimatea,Jordi Hurtado
¿Quién fue Luís XIV?,Historia,Rey de Inglaterra,Rey de Alemania,Rey de España,Rey de Francia
¿En que año murió el ex mandatorio Hugo Chávez?,Historia,2013,2011,2012,No ha muerto
¿Qué asociación estadounidense se dedicaba a asesinar a las personas de raza negra?,Historia,Ku Klux Klan,Asociación del Rifle,Klan 235,Klan 333
¿Cómo murió Cuauhtémoc, último rey azteca?,Historia,De pena,Ahogado,Enfermedad,Ejecutado por los españoles
¿Qué día se celebra la Independencia de República Dominicana?,Historia,26 de enero,4 de junio,27 de febrero,18 de marzo
¿En qué año comenzó la revolución francesa?,Historia,1679,1782,1699,1789
¿Cómo se llama el burro de Sancho Panza?,Historia,Rucio,Juan,Rocinante,Manolo
¿Qué emperador azteca reinaba a la llegada de Hernán Cortés a México?,Historia,Moctezuma Ilhuicamina,Cuitlahuac,Cuauhtémoc,Moctezuma Xocoyotzin
18Según el Libro Guiness de los récords, ¿cuánto tiempo duró la guerra más corta dela historia?,Historia,32 horas,45 minutos,1 mes,25 días
¿Qué rey de Aragón conquistó Valencia, Baleares y Murcia?,Historia,Alfonso X,Jaime I,Jaime II,Pío XII
¿Cuántos meses duró la batalla de Salingrado en la Segunda Guerra Mundial?,Historia,Seis meses,Un mes,Tres meses,Cuatro meses
¿Quiénes lucharon por el poder después de la muerte de Lenin?,Historia,Stalin y Kerinsky,Trotsky y Stalin,Trotsky y Putin,Vladimir y Kerinsky
¿Quién fue el autor de la frase "Puedo comprar a todos los hombre del mundo"?,Historia,Howard Hughes,Adolf Hitler,Enrique VIII,Alejandro Magno
¿Cómo derrotaron a Troya los Egeos?,Historia,Saqueando la ciudad,Subiendo sus grandes muerallas,Con el caballo de troya,Entrando por la puerta principal
¿Cuál fue el faraón que reinó durante 66 años en Egipto?,Historia,Anubis,Keops,Ramsés II,Tutankamón
¿Dónde vive Dalái Lama?,Historia,En Lhasa, la capital del Tíbet,En Dharamsala, India,En Pekín,En Calcuta
¿Qué ciudad quedó partida en dos tras la Segunda Guerra Mundial?,Historia,París,Ámsterdam,Berlín,Varsovia
¿En que año se descrubió la penicilina?,Historia,1932,1931,1928,1925
¿A qué bando se unió Asturias cuando se produjo el levantamiento con el que comenzó la Guerra Civil?,Historia,A ninguno,Sublevado,Republicano,Nacional
¿Cómo murió Moctezuma II?,Historia,Decapitado,Envenenado,De risa,Apedreado por su pueblo
¿A qué diosa está dedicado el Partenón?,Historia,Atenea,Afrodita,Hera,Psique
¿Cómo se llama la carta circular enviada por el Papa y dirigida a todos los obispos católicos del mundo?,Historia,Boletín de noticias,Encíclipa papal,Enunciación declarativa,Revista
¿Con qué nombre son conocidos los peleset, uno de los 'pueblos del mar' que invadieron Egipto?,Historia,Fenicios,Cartagineses,Filisteos,Godos
¿Durante qué guerra fue la bailarina de striptease Mata Hari condenada a muerte y ejecutada por espionaje?,Historia,Guerra de Vietnam,Primera Guerra Mundial,Segunda Guerra Mundial,Guerra de los 100 años
¿Cuándo se viaja por primera vez al espacio?,Historia,1966,1965,1974,1961
¿A quién se le atribuye la fase: "Vísteme despacio que estoy apurado."?,Historia,Arquímedes,Julio César,Napoleón Bonaparte,Ricardo "Corazón de León"
¿Qué país le regaló la Estarua dela Libertad a Nueva York?,Historia,Francia,Reino Unido,Italia,Irlanda
¿En qué año se produjo la Batalla de Lepanto?,Historia,1573,1571,1581,1575
¿Qué país NO sudamericano astuvo involucrado en la guerra del Pacífico?,Historia,Inglaterra,Alemania,Turquía,España
20La Edad de Piedra se divide en...,Historia,Paleolítico, Mesolítico y Neolítico,Neolítico y Mesolítico,Paleolítico, Neolítico y Edad de los Metales,Edad de Bronce y Neolítico
¿En qué año Francia se convirtió en República?,Historia,1792,1789,1830,1810
¿Quién inventó la imprenta?,Historia,Imprento,Napoleón,Gutenberg,Cervantes
¿Cómo se llamaba el caballo de Alejandro Magno?,Historia,Bucéfalo,Babieca,Mr Ed,Rocinante
¿Qué gran imperio fue el primero en abolir oficialmente la esclavitud?,Historia,Británico,Español,Otomano,Francés
¿Cómo pasó a llamarse el Imperio Austríaco tras la revolución de 1848?,Historia,Imperio Austrohungaro,Sacro Imperio Germánico,Alemania,Austria
¿Cuál fue la principal causa de la Guerra Fría?,Historia,Las ideologías políticas,Neocolonialismo,El Muro de Berlín,El estancamiento económico
¿Cuándo fue la guerra de África?,Historia,De 1859 y 1860,De 1930 a 1936,De 1756 a 1757,De 1936 a 1940
¿Qué país dominó Indochina durante la época del imperialismo colonial?,Historia,Inglaterra,Portugal,Alemania,Francia
¿Qué gran líder militar gobernó Francia luego de que sucediera la Revolución Francesa?,Historia,Fernando III,Carlo Magno,Luis XVI,Napoleón
¿Cómo es llamado el Peleolítico?,Historia,Época de Santo Paleo,Piedra Nueva,Piedra Antigua,Ninguna es correcta
¿Qué ciudad fue capital de España en el siglo 17?,Historia,Jaén,Salamanca,Oviedo,Valladolid
¿Qué territorio fue conquistado por el general romano Julio César?,Historia,Galia,Dacia,Germania,Hispania
¿Cuál fue el nombre que los romanos le dieron a la Gran Bretaña?,Historia,Britanius,Northumbria,Caledonia,Britannia
¿Cuál es la finca más famosa del narcotraficante Pablo Escobar?,Historia,Nápoles,La Acalusa,La Bonita,Ninguna de las anteriores
¿Qué país comenzó la Segunda Guerra Mundial?,Historia,Italia,Alemania,Rusia,E.U.A.
¿Qué ciudad española era llamada Augusta Emerita en la antigüedad?,Historia,Zaragoza,Madrid,Mérida,Barcelona
¿Qué le fue devuelto a China el 1º de Julio de 1997?,Historia,El dizi,Estatua del dragón,Hong Kong,Tibet
¿Qué caudillo venció a los musulmanes en la batalla de Covadonga?,Historia,Ordoño,Carlos I,Don Pelayo,Rey Aurelio
¿Cómo se llama el co-fundador de Apple Inc?,Historia,Bill Gates,Mike Anderson,Stephen Wozniak,Allen Fitner
¿De qué civilización es la zona arqueológica Uxmal?,Historia,Egipcios,Aztecas,Mayas,Olmecas
¿Por cuánto vendió Rusia a Alaska a los Estados Unidos?,Historia,Alrededor de 240 mil dólares,Alrededor de 2 millones de dólares,Alrededor de 4 millones de dólares,Alrededor de 7,2 millones de dólares
¿A qué país fue enviada la División Azul?,Historia,Alemania,Estados Unidos,URSS,Polonia
¿Cómo se decía en latin la famosa expresión "La suerte está echada"?,Historia,Animus iocandi,Alea iacta est,Ante omnia,No tiene traducción
¿Cómo era conocido también el faraón Akenatón, por adorar a un solo dios?,Historia,El feo,El ateo,El loco,El hereje
¿Quién dijo la frase "miente, miente que algo quedará"?,Historia,Adolf Hitler,Joseph Goebbels,J.F. Kennedy,Marcelo Tinelli
¿Cuál era considerado como "el Papa viajero"?,Historia,Benedicto XVI,Ninguna de las anteriores es correcta,Leoncio II,Juan Pablo II
¿Qué país reconoció Italia a través de los Pactos de Letrán de 1929?,Historia,Letrán,La Alemania nazi,La Unión Soviética,La Ciudad del Vaticano
¿Qué famoso líder soviético dijo la frase "todo el poder a los soviets"?,Historia,Lósif Stalin,Vladimir Lenin,Mijail Gorvachov,Georgi Malenkov
¿En la antigua grecia, como participaban en los juegos olímpicos?,Historia,Con una tunica blanca,Con unos taparrabos,Desnudos,En chandal
¿Quién es el dios del rayo según la mitilogía griega?,Historia,Poseidon,Zeus,Hades,Ares
¿Cuál es la ideología opositora del Comunismo?,Historia,Capitalismo,Socialismo,Totalitarismo,Autoritarismo
¿Cuándo se celebra la navidad?,Historia,19 de noviembre,12 de enero,25 de diciembre,Ninguna es correcta
¿Cuándo se produjo la Batalla de Las Piedras?,Historia,1811,1825,1830,1878
¿Qué título recibe Francisco Franco en Enero de 1938 en la línea del Duce o del Führer?,Historia,Despota,Canciller,Supremo,Caudillo
¿A qué pueblo derrotó Julio César?,Historia,Egipcios,Todas las respuestas son correctas,Lusitanos,Galos
¿Cuál era el nombre de Franco?,Historia,Francisco,Rodrigo,Ninguna de las anteriores,José
¿A qué representan las K de un juego de naipes?,Historia,A los cuatro grandes reyes,A los cuatro mosqueteros,A los cuatro elementos,A los cuatro continentes
¿Qué animal tentó a Adán y Eva a comerse la manzana?,Historia,Mono,Cabra,Elefante,Serpiente
¿Cuál es la comida típica madrileña?,Historia,La paella,El pulpo,Almejas,El cocido
¿Dónde nació Mahatma Gandhi?,Historia,Irak,Congo,Egipto,India
¿Qué civilización antigua tenía faraones como gobernantes?,Historia,Roma,China,India,Egipto